x0,y0,z0,x1,y1,z1,x2,y2,z2,x3,y3,z3,x4,y4,z4,x5,y5,z5,x6,y6,z6,x7,y7,z7,x8,y8,z8,x9,y9,z9,x10,y10,z10,x11,y11,z11,x12,y12,z12,x13,y13,z13,x14,y14,z14,x15,y15,z15,x16,y16,z16,x17,y17,z17,x18,y18,z18,x19,y19,z19,x20,y20,z20,label
0.691943,0.679269,-0.0,0.650633,0.662112,-0.012561,0.6171,0.616054,-0.017101,0.595141,0.569547,-0.023768,0.580734,0.528212,-0.027219,0.622321,0.560495,0.008718,0.608618,0.512629,-0.011706,0.616127,0.539138,-0.023838,0.624356,0.568435,-0.027624,0.649864,0.552416,0.006564,0.639386,0.505309,-0.014616,0.643851,0.552933,-0.021425,0.648457,0.581938,-0.019024,0.678102,0.552575,-4.4e-05,0.671579,0.512876,-0.021722,0.671584,0.562395,-0.01804,0.673252,0.591128,-0.00791,0.707783,0.558838,-0.007907,0.703596,0.523621,-0.019861,0.696562,0.554474,-0.014274,0.692725,0.578133,-0.005535,A
0.557872,0.746218,-0.0,0.522436,0.703063,-0.009498,0.503211,0.635064,-0.012842,0.493904,0.577715,-0.019766,0.49287,0.530743,-0.022815,0.53168,0.581927,0.014413,0.525524,0.526091,-0.008245,0.517406,0.565798,-0.019078,0.519313,0.599306,-0.021301,0.558754,0.589329,0.009878,0.553213,0.540176,-0.012785,0.540003,0.596512,-0.016158,0.54457,0.620971,-0.010539,0.585524,0.604248,0.000152,0.579066,0.563547,-0.022574,0.563496,0.61815,-0.013278,0.566229,0.642182,0.001106,0.612983,0.625957,-0.010966,0.605854,0.587769,-0.020806,0.588204,0.620026,-0.010382,0.586112,0.641066,0.001896,A
0.61957,0.735284,-0.0,0.589455,0.693057,-0.012258,0.578954,0.623437,-0.016416,0.578983,0.567968,-0.022805,0.585392,0.523994,-0.025509,0.610107,0.578809,0.006231,0.615272,0.526011,-0.017434,0.60638,0.564181,-0.029958,0.602053,0.59737,-0.033461,0.638145,0.591719,0.002881,0.646802,0.54448,-0.021405,0.62759,0.593699,-0.027723,0.622486,0.619724,-0.024232,0.664363,0.613226,-0.005065,0.67263,0.575409,-0.02869,0.650581,0.621069,-0.02294,0.644341,0.642098,-0.011101,0.690076,0.641008,-0.014234,0.696954,0.607274,-0.025765,0.677047,0.63341,-0.017553,0.667897,0.649338,-0.006902,A
0.65252,0.739827,-0.0,0.616849,0.698309,-0.012584,0.599037,0.629702,-0.016818,0.59137,0.570029,-0.023599,0.591356,0.520841,-0.026622,0.621626,0.576789,0.010524,0.623027,0.520585,-0.012216,0.620485,0.554232,-0.024147,0.620409,0.587076,-0.027015,0.650813,0.5849,0.007896,0.654699,0.533334,-0.015369,0.64293,0.586711,-0.020634,0.641099,0.614541,-0.01612,0.678972,0.600871,0.000228,0.68262,0.560587,-0.023196,0.666985,0.611964,-0.016516,0.663313,0.636234,-0.003606,0.706926,0.623098,-0.008836,0.711309,0.584481,-0.019603,0.694561,0.614892,-0.010683,0.68669,0.63487,0.000566,A
0.653388,0.720715,-0.0,0.610144,0.702932,-0.013227,0.572349,0.649145,-0.017031,0.548737,0.598576,-0.022888,0.534238,0.556709,-0.024662,0.57598,0.580975,0.011042,0.563304,0.53653,-0.012398,0.570699,0.576554,-0.024228,0.579018,0.605584,-0.027103,0.604656,0.572103,0.008349,0.594041,0.534005,-0.014246,0.598981,0.589913,-0.018339,0.605105,0.60829,-0.013463,0.635734,0.5725,0.000129,0.629076,0.544922,-0.022417,0.629956,0.59954,-0.014816,0.633686,0.614709,-0.002136,0.66838,0.579305,-0.009749,0.660911,0.556158,-0.019925,0.657876,0.592893,-0.011086,0.659965,0.604833,-0.000217,A
0.630933,0.812958,-0.0,0.601219,0.768941,-0.010513,0.588667,0.701681,-0.013777,0.585143,0.646411,-0.019721,0.588434,0.602677,-0.022127,0.615402,0.657546,0.011393,0.617583,0.607461,-0.010028,0.609394,0.638723,-0.020703,0.607417,0.667582,-0.023369,0.640707,0.66887,0.007701,0.642671,0.623926,-0.01421,0.626853,0.672036,-0.018219,0.627096,0.694741,-0.013455,0.664557,0.688326,-0.000941,0.664612,0.652785,-0.022102,0.64685,0.696521,-0.014888,0.646878,0.715048,-0.002711,0.687898,0.713866,-0.011014,0.68517,0.684196,-0.020052,0.668708,0.708104,-0.011699,0.667075,0.721457,-0.001614,A
0.695259,0.718604,-0.0,0.665382,0.6703,-0.010456,0.65699,0.600325,-0.014019,0.658484,0.544878,-0.020442,0.664792,0.500164,-0.023782,0.687124,0.558541,0.010102,0.695517,0.505732,-0.011899,0.687068,0.534594,-0.024655,0.680367,0.566832,-0.028434,0.71354,0.571616,0.006111,0.724968,0.518791,-0.016307,0.705842,0.563656,-0.022745,0.697999,0.593805,-0.019365,0.737952,0.593186,-0.002363,0.749249,0.550052,-0.024545,0.726482,0.593673,-0.019381,0.716697,0.621156,-0.007798,0.761633,0.621868,-0.012023,0.771587,0.585456,-0.022892,0.751524,0.607387,-0.01528,0.739326,0.625498,-0.005029,A
0.707578,0.721235,-0.0,0.677956,0.668267,-0.009901,0.66874,0.601849,-0.013651,0.670998,0.546725,-0.020325,0.679705,0.502362,-0.024021,0.700109,0.560309,0.012894,0.711961,0.511818,-0.008512,0.704745,0.537065,-0.0225,0.695486,0.568784,-0.027381,0.727338,0.575859,0.00903,0.740172,0.528544,-0.013111,0.720932,0.569361,-0.021721,0.709316,0.600375,-0.020478,0.751454,0.598908,0.000706,0.764221,0.559274,-0.021657,0.740888,0.599907,-0.018382,0.728222,0.628437,-0.008196,0.774143,0.629187,-0.008646,0.786092,0.594402,-0.020045,0.765735,0.614647,-0.013508,0.751214,0.633134,-0.004087,A
0.705515,0.707045,-0.0,0.673681,0.661477,-0.008511,0.663071,0.593019,-0.011675,0.663888,0.537695,-0.017679,0.670719,0.495083,-0.02115,0.693528,0.548561,0.009693,0.701171,0.498968,-0.011266,0.694669,0.527235,-0.024168,0.688688,0.559363,-0.028221,0.720285,0.561691,0.005371,0.730764,0.514363,-0.015297,0.713975,0.556425,-0.022228,0.705397,0.585532,-0.020036,0.745399,0.583292,-0.002945,0.754098,0.544534,-0.023635,0.734692,0.586636,-0.019512,0.725735,0.612962,-0.009361,0.769477,0.611807,-0.012112,0.777765,0.577418,-0.022206,0.760318,0.601259,-0.014686,0.750082,0.619941,-0.004852,A
0.679267,0.701172,-0.0,0.64093,0.65957,-0.009137,0.621399,0.594056,-0.01212,0.613344,0.539124,-0.018233,0.612073,0.493887,-0.021499,0.642765,0.544432,0.012184,0.640186,0.489543,-0.008722,0.638178,0.516768,-0.021546,0.63881,0.549033,-0.025663,0.671301,0.549914,0.008071,0.671702,0.498602,-0.013858,0.661998,0.545985,-0.021437,0.659933,0.576969,-0.019254,0.699028,0.563529,-0.000308,0.699558,0.520734,-0.021298,0.686598,0.568171,-0.016701,0.683178,0.596898,-0.006086,0.726677,0.583996,-0.009863,0.727171,0.545928,-0.019618,0.71223,0.573698,-0.011949,0.705509,0.595075,-0.002028,A
0.670174,0.712334,-0.0,0.631106,0.677765,-0.010738,0.607828,0.61077,-0.013799,0.595979,0.554027,-0.019599,0.59163,0.506951,-0.022051,0.625928,0.556279,0.011693,0.62232,0.502569,-0.010467,0.621161,0.53564,-0.023072,0.623831,0.568443,-0.026763,0.654539,0.559008,0.008009,0.652363,0.507054,-0.01478,0.64469,0.55872,-0.021187,0.646264,0.587936,-0.017612,0.682964,0.570439,-0.000401,0.680589,0.530624,-0.022374,0.669593,0.581095,-0.016559,0.669613,0.60613,-0.004721,0.712107,0.588412,-0.010151,0.709478,0.551677,-0.019875,0.695697,0.583017,-0.011254,0.691907,0.603154,-0.000544,A
0.662001,0.705211,-0.0,0.620251,0.674103,-0.010061,0.592529,0.612881,-0.013517,0.577022,0.559134,-0.019882,0.570583,0.513762,-0.022995,0.609028,0.556825,0.012319,0.600456,0.503354,-0.00931,0.600477,0.533978,-0.021704,0.605124,0.565894,-0.025416,0.637441,0.557239,0.00832,0.630838,0.506349,-0.01431,0.62665,0.558234,-0.020664,0.630446,0.587334,-0.01712,0.666064,0.565684,-0.00028,0.660305,0.525447,-0.021625,0.652664,0.576149,-0.015437,0.654492,0.601805,-0.003542,0.696078,0.580586,-0.01023,0.689322,0.546218,-0.019637,0.677873,0.577992,-0.011057,0.67627,0.597709,-0.000464,A
0.642048,0.703441,-0.0,0.59959,0.677601,-0.009833,0.568503,0.61806,-0.013369,0.550577,0.564929,-0.019686,0.540181,0.519892,-0.022841,0.580994,0.560368,0.010444,0.570399,0.508245,-0.012001,0.569695,0.538437,-0.02381,0.574533,0.570584,-0.02671,0.609184,0.557097,0.006055,0.598813,0.506396,-0.016187,0.596273,0.559958,-0.020656,0.602513,0.587557,-0.015666,0.638881,0.562776,-0.002956,0.628671,0.522697,-0.024828,0.623956,0.576281,-0.017266,0.628993,0.600833,-0.004188,0.670352,0.575087,-0.013223,0.659601,0.542562,-0.023222,0.649923,0.577008,-0.013946,0.650668,0.596692,-0.002617,A
0.617106,0.710196,-0.0,0.573129,0.68579,-0.008958,0.540034,0.627431,-0.012137,0.519068,0.576328,-0.01855,0.506642,0.533543,-0.021562,0.551524,0.567197,0.012295,0.535201,0.516024,-0.010435,0.536609,0.552911,-0.022351,0.545433,0.584145,-0.025516,0.579171,0.56169,0.00729,0.564456,0.514094,-0.015257,0.564191,0.568767,-0.019841,0.572996,0.592349,-0.01512,0.60858,0.564508,-0.002486,0.59457,0.528292,-0.023397,0.592189,0.58235,-0.014958,0.599656,0.602762,-0.001918,0.640216,0.573655,-0.013711,0.624955,0.545156,-0.022029,0.61719,0.580559,-0.011946,0.621272,0.597106,-0.00054,A
0.630037,0.718578,-0.0,0.585858,0.687469,-0.008487,0.555203,0.62531,-0.010799,0.537211,0.570399,-0.016458,0.525788,0.525333,-0.018995,0.569547,0.56962,0.015121,0.557005,0.515112,-0.006784,0.557263,0.549454,-0.01934,0.563354,0.580919,-0.023127,0.597465,0.56661,0.010054,0.586442,0.51373,-0.012912,0.583741,0.567558,-0.019506,0.589746,0.596083,-0.01599,0.626486,0.57192,0.000299,0.615953,0.529403,-0.021637,0.611216,0.582983,-0.015157,0.616021,0.608926,-0.002869,0.657307,0.58381,-0.010703,0.645232,0.548006,-0.020357,0.636125,0.583856,-0.011142,0.637745,0.605299,0.0,A
0.66344,0.721488,-0.0,0.622908,0.689413,-0.011099,0.597864,0.624776,-0.014268,0.584522,0.569302,-0.020009,0.578837,0.523415,-0.022331,0.614778,0.569678,0.011066,0.60967,0.514885,-0.011455,0.609056,0.544792,-0.024652,0.61098,0.578421,-0.028791,0.644752,0.571004,0.007264,0.64091,0.517943,-0.016803,0.634412,0.569516,-0.024137,0.635315,0.602417,-0.020955,0.67447,0.581657,-0.001233,0.672021,0.54071,-0.024427,0.661903,0.592079,-0.019623,0.660912,0.620457,-0.008071,0.705142,0.599093,-0.011028,0.702536,0.564079,-0.022358,0.689408,0.594972,-0.01515,0.685043,0.615426,-0.005189,A
0.686845,0.726315,-0.0,0.648503,0.690004,-0.011525,0.625953,0.623196,-0.015116,0.615279,0.5667,-0.021309,0.61243,0.519464,-0.024226,0.644283,0.569565,0.010595,0.641227,0.515501,-0.012015,0.641853,0.544776,-0.025629,0.64335,0.577596,-0.030018,0.674165,0.573599,0.007211,0.673518,0.523995,-0.016063,0.665936,0.573869,-0.023586,0.664217,0.604856,-0.02104,0.703381,0.586326,-0.000892,0.704089,0.546001,-0.023716,0.692664,0.596163,-0.01896,0.689523,0.624027,-0.007727,0.732753,0.606062,-0.010326,0.733165,0.569352,-0.021751,0.719531,0.599303,-0.014378,0.713512,0.620178,-0.004302,A
0.705356,0.726635,-0.0,0.668353,0.689872,-0.014093,0.646779,0.622328,-0.018871,0.637366,0.564775,-0.02566,0.636878,0.517277,-0.028626,0.667022,0.568427,0.008663,0.665997,0.515439,-0.014216,0.665821,0.547749,-0.026592,0.666668,0.579689,-0.030108,0.697306,0.573808,0.006321,0.699219,0.52419,-0.017002,0.68991,0.576807,-0.022678,0.687993,0.603373,-0.018769,0.726024,0.588298,-0.001116,0.729028,0.54768,-0.024381,0.715792,0.598673,-0.017811,0.712415,0.622228,-0.005429,0.754443,0.609638,-0.010168,0.757689,0.574864,-0.021954,0.742811,0.604958,-0.013996,0.735958,0.62282,-0.003515,A
0.721697,0.731685,-0.0,0.686093,0.691709,-0.012886,0.667533,0.623403,-0.01703,0.661191,0.566418,-0.02307,0.660352,0.519104,-0.025728,0.687762,0.570671,0.008216,0.690761,0.519062,-0.013972,0.690278,0.549399,-0.027038,0.688615,0.581347,-0.031271,0.717735,0.577645,0.005415,0.723028,0.528824,-0.017396,0.712871,0.578334,-0.024576,0.70849,0.607811,-0.022133,0.745981,0.594045,-0.002032,0.752562,0.554012,-0.025066,0.737899,0.603089,-0.020301,0.731627,0.629376,-0.009301,0.773352,0.617944,-0.010814,0.779156,0.583011,-0.023271,0.763703,0.612549,-0.016191,0.754566,0.632056,-0.006319,A
0.757037,0.752316,-0.0,0.726054,0.705137,-0.012325,0.712735,0.636414,-0.016878,0.710553,0.577768,-0.023706,0.713602,0.529898,-0.027435,0.735088,0.589132,0.009326,0.742974,0.535303,-0.011871,0.742083,0.563255,-0.026002,0.737319,0.596002,-0.031314,0.763867,0.599631,0.006648,0.774266,0.549973,-0.014544,0.762096,0.593368,-0.023342,0.752446,0.623025,-0.023037,0.790443,0.618996,-0.000423,0.802622,0.576544,-0.02154,0.785837,0.61979,-0.018289,0.774216,0.64777,-0.009246,0.815241,0.645722,-0.008848,0.826945,0.610174,-0.020641,0.810265,0.634134,-0.01474,0.796867,0.65336,-0.006194,A
0.727057,0.744219,-0.0,0.692479,0.705529,-0.012415,0.674694,0.637125,-0.016615,0.668304,0.579819,-0.022839,0.66949,0.532487,-0.025987,0.697833,0.586755,0.007347,0.701399,0.535926,-0.014824,0.699742,0.565351,-0.027477,0.698068,0.59805,-0.03126,0.727106,0.594264,0.004251,0.733192,0.542479,-0.017651,0.722186,0.590742,-0.023943,0.71844,0.619631,-0.020767,0.755032,0.610944,-0.003384,0.761974,0.570208,-0.025708,0.746128,0.617122,-0.020668,0.73997,0.641588,-0.009477,0.7824,0.635233,-0.012264,0.78929,0.599276,-0.023567,0.773562,0.626302,-0.015778,0.764838,0.644419,-0.00554,A
0.697579,0.741481,-0.0,0.660804,0.702129,-0.010859,0.641077,0.63334,-0.014819,0.632315,0.576565,-0.021369,0.630563,0.528974,-0.02492,0.664507,0.582918,0.008581,0.663725,0.529941,-0.013328,0.661153,0.558354,-0.025437,0.660082,0.589712,-0.028836,0.693393,0.588853,0.004767,0.694905,0.537759,-0.016747,0.684587,0.58682,-0.022392,0.682443,0.614178,-0.018905,0.722186,0.603675,-0.003512,0.723259,0.562931,-0.02527,0.709355,0.611068,-0.019299,0.705927,0.635119,-0.007645,0.751034,0.625504,-0.01297,0.752173,0.587407,-0.023338,0.73718,0.615394,-0.014581,0.731004,0.633981,-0.003751,A
0.674364,0.742975,-0.0,0.636527,0.704817,-0.011401,0.614571,0.636831,-0.015515,0.6039,0.578384,-0.022358,0.599939,0.530099,-0.025819,0.635952,0.581797,0.010247,0.631493,0.527314,-0.012911,0.628659,0.560694,-0.025387,0.630527,0.593006,-0.028808,0.665232,0.586647,0.006295,0.662869,0.534083,-0.017151,0.653361,0.58731,-0.02299,0.655042,0.614194,-0.018896,0.694295,0.600288,-0.002481,0.692068,0.559443,-0.025468,0.678875,0.611313,-0.018571,0.678705,0.634437,-0.00579,0.72371,0.621029,-0.012627,0.720504,0.584531,-0.022811,0.706043,0.615741,-0.013389,0.702962,0.633963,-0.001956,A
0.652513,0.740579,-0.0,0.612937,0.703128,-0.010332,0.588545,0.637313,-0.014565,0.575613,0.581447,-0.021885,0.570969,0.534795,-0.025816,0.609077,0.581593,0.010026,0.60134,0.526167,-0.013001,0.597811,0.557408,-0.024303,0.600649,0.591508,-0.026677,0.638094,0.58428,0.005332,0.632177,0.530889,-0.018648,0.623649,0.585907,-0.023294,0.627322,0.613864,-0.017781,0.667704,0.595963,-0.004059,0.661144,0.555271,-0.026999,0.649952,0.60846,-0.018949,0.652276,0.632118,-0.00513,0.698027,0.615173,-0.014801,0.690536,0.58003,-0.024463,0.677062,0.611776,-0.014333,0.676345,0.629541,-0.002301,A
0.631205,0.738741,-0.0,0.589357,0.706326,-0.010516,0.562552,0.638559,-0.013667,0.548413,0.581491,-0.019771,0.541432,0.535963,-0.022282,0.581788,0.580481,0.011271,0.571325,0.526024,-0.012698,0.568558,0.563499,-0.024694,0.573588,0.596916,-0.027586,0.610917,0.580909,0.006557,0.601366,0.530077,-0.017984,0.594457,0.587009,-0.022665,0.600523,0.612211,-0.017188,0.640744,0.59077,-0.003222,0.630688,0.552923,-0.025978,0.621776,0.607619,-0.01739,0.626989,0.627412,-0.003582,0.671982,0.607325,-0.01454,0.659549,0.577485,-0.023573,0.648357,0.611607,-0.01324,0.651534,0.626431,-0.00137,A
0.599981,0.736072,-0.0,0.557018,0.704699,-0.009005,0.5276,0.639563,-0.012094,0.510781,0.586626,-0.018545,0.501806,0.543935,-0.021261,0.543678,0.578476,0.011001,0.528433,0.523684,-0.013925,0.528001,0.56708,-0.026068,0.535293,0.60196,-0.028892,0.572865,0.577193,0.005253,0.558416,0.530961,-0.020151,0.555658,0.591272,-0.024321,0.564073,0.615322,-0.018631,0.603336,0.585162,-0.005576,0.588838,0.549402,-0.02925,0.58389,0.608397,-0.019653,0.591311,0.628451,-0.005158,0.635408,0.600229,-0.017844,0.619473,0.572135,-0.027573,0.609855,0.610725,-0.01676,0.614352,0.626731,-0.004486,A
0.580981,0.752137,-1e-06,0.533982,0.717021,-0.006369,0.503494,0.652502,-0.007992,0.486053,0.599177,-0.01406,0.472597,0.555458,-0.016627,0.519569,0.592027,0.018072,0.500605,0.536283,-0.006628,0.499834,0.578746,-0.019648,0.507592,0.613091,-0.022927,0.547229,0.588888,0.011146,0.528965,0.53988,-0.01422,0.527606,0.600071,-0.019837,0.537709,0.624501,-0.014776,0.577184,0.594639,-0.001006,0.559331,0.556911,-0.024028,0.556836,0.615885,-0.015164,0.566536,0.636081,-0.001025,0.609457,0.607884,-0.01455,0.590577,0.579,-0.023152,0.582054,0.618116,-0.012034,0.588341,0.634821,0.000461,A
0.541111,0.777731,-1e-06,0.492684,0.749312,-0.004082,0.458728,0.689787,-0.003926,0.438953,0.641734,-0.008582,0.426387,0.604027,-0.009955,0.470105,0.626276,0.02069,0.442963,0.578795,-0.002463,0.443173,0.619892,-0.014099,0.453994,0.649428,-0.016667,0.495314,0.619181,0.012527,0.469613,0.573721,-0.012529,0.472135,0.633403,-0.01768,0.486728,0.65581,-0.011789,0.524599,0.62089,-0.000612,0.50142,0.589489,-0.023476,0.503224,0.650184,-0.01483,0.516324,0.668169,-0.000503,0.557469,0.630396,-0.014973,0.533852,0.60736,-0.023122,0.528127,0.648841,-0.012011,0.53753,0.663639,0.00057,A
0.54943,0.771093,-1e-06,0.500588,0.741574,-0.006557,0.466138,0.67874,-0.007904,0.445817,0.628447,-0.013476,0.431078,0.588794,-0.015434,0.479822,0.614777,0.01814,0.455934,0.566287,-0.006239,0.456412,0.610577,-0.018793,0.46711,0.643595,-0.021727,0.506098,0.610092,0.011424,0.483914,0.567975,-0.013605,0.484952,0.629731,-0.018362,0.498225,0.652793,-0.012659,0.535307,0.613885,-0.000607,0.513746,0.581579,-0.023442,0.513591,0.641379,-0.014313,0.525841,0.659974,1.6e-05,0.567339,0.624993,-0.014064,0.545362,0.60148,-0.022686,0.539131,0.641847,-0.011859,0.547953,0.656792,0.000501,A
0.578628,0.751555,-1e-06,0.532631,0.719368,-0.006709,0.501708,0.657416,-0.008164,0.482599,0.604955,-0.013787,0.469396,0.560932,-0.01579,0.51485,0.594768,0.018619,0.496425,0.542237,-0.005654,0.496402,0.585047,-0.018923,0.504292,0.618195,-0.022612,0.541805,0.590075,0.011915,0.525242,0.542853,-0.013291,0.524104,0.601731,-0.019872,0.533363,0.627356,-0.015737,0.571242,0.594611,8.7e-05,0.555315,0.559162,-0.022662,0.552906,0.617149,-0.014992,0.561441,0.638463,-0.001767,0.603542,0.605904,-0.013117,0.58548,0.579166,-0.021653,0.577338,0.617897,-0.01148,0.58251,0.634952,0.000273,A
0.692767,0.835901,0.0,0.648132,0.811972,-0.015619,0.619373,0.763524,-0.02553,0.609485,0.714703,-0.035319,0.627876,0.681736,-0.044558,0.650995,0.676084,-0.007267,0.646803,0.608992,-0.022214,0.645305,0.568261,-0.036023,0.646615,0.532407,-0.046319,0.676297,0.668547,-0.010516,0.672596,0.593914,-0.022368,0.669781,0.547167,-0.033718,0.66719,0.506177,-0.042283,0.701313,0.674046,-0.01683,0.700238,0.603023,-0.027802,0.699408,0.559283,-0.035414,0.697278,0.520775,-0.041202,0.727329,0.69101,-0.025201,0.730453,0.636961,-0.034611,0.730019,0.601769,-0.038777,0.728011,0.567833,-0.041869,B
0.619366,0.81299,0.0,0.571986,0.788937,-0.014099,0.541741,0.738044,-0.022039,0.535258,0.689947,-0.029764,0.550249,0.660144,-0.036994,0.573394,0.645623,-0.007854,0.569116,0.574248,-0.021973,0.567885,0.531085,-0.035258,0.568325,0.494174,-0.045056,0.600496,0.637317,-0.011456,0.595661,0.558088,-0.022327,0.592702,0.507303,-0.033611,0.590586,0.463624,-0.042265,0.627173,0.641931,-0.017812,0.624726,0.566679,-0.028015,0.623932,0.519209,-0.036354,0.623289,0.478869,-0.042767,0.654708,0.657838,-0.026015,0.656617,0.602137,-0.034774,0.655509,0.564966,-0.038892,0.65432,0.530065,-0.041992,B
0.463249,0.764205,0.0,0.416577,0.738493,-0.015248,0.389379,0.688919,-0.02459,0.383947,0.642741,-0.033916,0.391395,0.604309,-0.043151,0.419341,0.58976,-0.011594,0.411997,0.513679,-0.027555,0.407834,0.467295,-0.041906,0.404979,0.426479,-0.05248,0.444947,0.579968,-0.016467,0.437016,0.494727,-0.029921,0.431328,0.439362,-0.043629,0.426736,0.390101,-0.05397,0.47131,0.584739,-0.024023,0.466695,0.502703,-0.03738,0.46425,0.449946,-0.048357,0.461545,0.403322,-0.056258,0.49964,0.60088,-0.033318,0.499996,0.536731,-0.045,0.498189,0.495011,-0.050662,0.495831,0.455716,-0.054587,B
0.392247,0.795017,0.0,0.342241,0.780393,-0.004364,0.312541,0.738044,-0.007823,0.302647,0.694617,-0.013495,0.300619,0.655658,-0.019253,0.324419,0.626317,0.004527,0.307654,0.553707,-0.006431,0.295512,0.510689,-0.017917,0.285576,0.473122,-0.026917,0.346139,0.609699,-0.004725,0.325352,0.527982,-0.014529,0.31074,0.475811,-0.026629,0.298716,0.430894,-0.036032,0.370643,0.607813,-0.016264,0.353442,0.526406,-0.026616,0.342303,0.476068,-0.03644,0.331452,0.433096,-0.043914,0.399576,0.617235,-0.02883,0.391524,0.553,-0.038167,0.382763,0.512068,-0.043076,0.373146,0.474802,-0.046733,B
0.449175,0.798579,0.0,0.398389,0.788359,-0.014118,0.363185,0.747947,-0.024746,0.349243,0.703272,-0.03604,0.350423,0.658046,-0.047287,0.371708,0.636873,-0.009839,0.353203,0.56297,-0.026891,0.340315,0.518792,-0.042058,0.330091,0.479236,-0.053139,0.394877,0.619727,-0.016457,0.373426,0.535807,-0.031354,0.3581,0.482202,-0.045919,0.344676,0.434237,-0.056719,0.421166,0.617299,-0.025802,0.404027,0.534198,-0.039744,0.392896,0.481691,-0.050422,0.381489,0.436139,-0.058209,0.451652,0.626906,-0.036892,0.441873,0.562029,-0.048586,0.432673,0.519354,-0.053745,0.422104,0.480498,-0.057367,B
0.493437,0.788114,0.0,0.440588,0.769628,-0.017659,0.407394,0.721278,-0.02872,0.399723,0.673256,-0.039542,0.407502,0.631276,-0.050545,0.431718,0.613784,-0.014038,0.41975,0.536674,-0.031555,0.412181,0.489462,-0.047469,0.406258,0.447038,-0.059546,0.459024,0.600713,-0.01921,0.445326,0.514336,-0.034606,0.434999,0.459537,-0.050877,0.425794,0.408864,-0.063416,0.486583,0.603258,-0.027187,0.477974,0.519187,-0.042085,0.47166,0.466519,-0.054766,0.46496,0.419222,-0.064459,0.515852,0.618565,-0.037117,0.512733,0.554769,-0.050459,0.50849,0.511857,-0.057393,0.503321,0.4701,-0.062708,B
0.566525,0.784792,0.0,0.515713,0.753885,-0.013411,0.484589,0.696172,-0.022322,0.477336,0.643407,-0.031943,0.493078,0.605009,-0.041402,0.517729,0.596763,-0.008289,0.512917,0.516309,-0.025115,0.511238,0.467431,-0.039697,0.511632,0.424383,-0.050337,0.54667,0.587939,-0.014877,0.541879,0.497035,-0.029345,0.538881,0.439461,-0.042625,0.536496,0.388772,-0.052225,0.575991,0.594534,-0.024297,0.574776,0.507614,-0.038449,0.574842,0.452799,-0.048279,0.573436,0.404803,-0.055126,0.606471,0.613883,-0.035435,0.610332,0.548435,-0.047447,0.610029,0.504334,-0.052462,0.607638,0.46226,-0.055796,B
0.609653,0.784038,0.0,0.559092,0.752446,-0.014899,0.530715,0.691922,-0.023644,0.527353,0.637201,-0.03258,0.544589,0.603185,-0.041693,0.570496,0.594131,-0.009972,0.57033,0.514437,-0.026156,0.571158,0.466454,-0.041007,0.573403,0.424275,-0.052342,0.600816,0.588694,-0.01544,0.601128,0.498376,-0.029225,0.600752,0.442439,-0.043559,0.600192,0.392955,-0.0546,0.629866,0.598316,-0.023691,0.634372,0.511364,-0.037723,0.63727,0.457045,-0.049537,0.638296,0.409411,-0.058437,0.659079,0.620789,-0.033632,0.667638,0.555824,-0.04642,0.670841,0.512317,-0.053243,0.671871,0.47017,-0.058423,B
0.65878,0.793058,0.0,0.607523,0.75804,-0.018002,0.578764,0.695691,-0.02908,0.573873,0.636826,-0.040123,0.59761,0.605092,-0.050993,0.623034,0.60292,-0.012205,0.625608,0.524347,-0.031101,0.628814,0.47561,-0.047437,0.634659,0.432773,-0.05938,0.654591,0.597737,-0.016848,0.658258,0.50863,-0.032546,0.661127,0.451605,-0.046321,0.663639,0.400701,-0.056303,0.684409,0.60832,-0.024797,0.691188,0.525396,-0.039852,0.696153,0.47171,-0.05001,0.698696,0.423363,-0.057052,0.713314,0.632393,-0.034925,0.722519,0.568934,-0.047627,0.726287,0.526017,-0.053277,0.728127,0.484045,-0.057164,B
0.701662,0.799488,0.0,0.655145,0.755972,-0.018949,0.630951,0.689479,-0.030796,0.628932,0.630841,-0.042412,0.654579,0.601221,-0.053567,0.680234,0.603096,-0.013021,0.687165,0.524897,-0.033209,0.69418,0.477166,-0.050506,0.704002,0.435647,-0.062823,0.710618,0.601373,-0.016957,0.720457,0.514034,-0.033369,0.727342,0.457969,-0.047246,0.73359,0.407399,-0.057115,0.73876,0.615325,-0.024329,0.751684,0.533915,-0.039507,0.760644,0.481597,-0.049,0.766782,0.434347,-0.05536,0.764851,0.643426,-0.034053,0.778768,0.582397,-0.046493,0.785411,0.540831,-0.051529,0.789718,0.500434,-0.054785,B
0.738671,0.81577,0.0,0.696061,0.767935,-0.016024,0.676229,0.698178,-0.025494,0.680032,0.641593,-0.034755,0.703739,0.615824,-0.043725,0.72971,0.620153,-0.012155,0.742198,0.541788,-0.029684,0.752752,0.494734,-0.04481,0.764369,0.455384,-0.055603,0.760382,0.622799,-0.016365,0.777012,0.536452,-0.030386,0.78772,0.481879,-0.043059,0.797292,0.434582,-0.052264,0.787552,0.639606,-0.023481,0.806158,0.558633,-0.036693,0.817919,0.508282,-0.046158,0.826854,0.464552,-0.052911,0.811962,0.668942,-0.03255,0.830131,0.610566,-0.044117,0.838857,0.569604,-0.049297,0.845512,0.530394,-0.052828,B
0.765683,0.826705,0.0,0.723885,0.781646,-0.021057,0.704311,0.712735,-0.033426,0.708146,0.652384,-0.044748,0.737256,0.629912,-0.055391,0.760538,0.633341,-0.014719,0.776118,0.556439,-0.033466,0.788267,0.510776,-0.049446,0.801828,0.473243,-0.060948,0.791181,0.637759,-0.016984,0.810134,0.552923,-0.032317,0.823386,0.500405,-0.045261,0.835223,0.454365,-0.054555,0.817218,0.656325,-0.022769,0.838182,0.577038,-0.037552,0.85217,0.52928,-0.047037,0.862657,0.486779,-0.053505,0.840325,0.687733,-0.030925,0.860132,0.631532,-0.043554,0.870346,0.594374,-0.049046,0.878057,0.55804,-0.052664,B
0.757572,0.826469,0.0,0.715743,0.77823,-0.017818,0.696307,0.708683,-0.028874,0.699475,0.650374,-0.039628,0.727598,0.625925,-0.050005,0.752483,0.628754,-0.011587,0.766653,0.550904,-0.029897,0.777542,0.504329,-0.045946,0.789639,0.465455,-0.057561,0.782284,0.633118,-0.015316,0.800592,0.548237,-0.029861,0.812847,0.495542,-0.043001,0.823518,0.449115,-0.052737,0.807981,0.651236,-0.022387,0.827555,0.571969,-0.035834,0.840636,0.522993,-0.045363,0.850437,0.479911,-0.052369,0.831002,0.681713,-0.031684,0.850358,0.625116,-0.043064,0.860384,0.586087,-0.048455,0.867956,0.548305,-0.052412,B
0.733986,0.807113,0.0,0.689946,0.761722,-0.017628,0.66753,0.693227,-0.02814,0.669375,0.634857,-0.038241,0.695728,0.609704,-0.048039,0.720059,0.609924,-0.011926,0.730426,0.533311,-0.029618,0.738274,0.486482,-0.045597,0.747201,0.446064,-0.057374,0.750528,0.61211,-0.015759,0.764506,0.526968,-0.029997,0.773213,0.472681,-0.043538,0.780355,0.424428,-0.053679,0.777397,0.628374,-0.02275,0.793529,0.548465,-0.0365,0.804134,0.497485,-0.046981,0.811302,0.452807,-0.054548,0.801848,0.657125,-0.031823,0.819126,0.597566,-0.043665,0.827916,0.557116,-0.049447,0.834289,0.518359,-0.053635,B
0.69594,0.786067,0.0,0.6486,0.747722,-0.017047,0.620646,0.681505,-0.026672,0.618128,0.622548,-0.035875,0.641914,0.591435,-0.044552,0.667717,0.591682,-0.010972,0.672063,0.512426,-0.027438,0.676599,0.465017,-0.042182,0.683076,0.424192,-0.05308,0.698016,0.589304,-0.014559,0.704509,0.502169,-0.027349,0.708795,0.447444,-0.03948,0.71274,0.399128,-0.048627,0.726278,0.601631,-0.021294,0.735319,0.519336,-0.033376,0.741281,0.468157,-0.042282,0.745463,0.422446,-0.049037,0.75331,0.626424,-0.030184,0.763995,0.565138,-0.040848,0.76842,0.524048,-0.045674,0.771766,0.483797,-0.049237,B
0.659507,0.782072,0.0,0.609926,0.748739,-0.016422,0.579211,0.687131,-0.026098,0.573831,0.628771,-0.035512,0.596173,0.595193,-0.044681,0.620898,0.591328,-0.011042,0.621447,0.512855,-0.028118,0.622612,0.464571,-0.043553,0.62599,0.422719,-0.055077,0.651304,0.586013,-0.015274,0.652973,0.498469,-0.028904,0.653545,0.442776,-0.041998,0.653885,0.393404,-0.051988,0.680189,0.595791,-0.022562,0.685473,0.513306,-0.03563,0.688784,0.460516,-0.045706,0.690278,0.413295,-0.053366,0.708149,0.618339,-0.031872,0.716839,0.556037,-0.0437,0.720016,0.513863,-0.04962,0.721816,0.472218,-0.05404,B
0.639104,0.787839,0.0,0.589094,0.759286,-0.018621,0.557062,0.700702,-0.029515,0.550464,0.642943,-0.039741,0.570678,0.60655,-0.049448,0.5953,0.602411,-0.01291,0.592988,0.523885,-0.030262,0.592399,0.475619,-0.045587,0.594223,0.433157,-0.057016,0.625301,0.594723,-0.016397,0.623249,0.5077,-0.030713,0.621702,0.452003,-0.043914,0.620643,0.40232,-0.053791,0.654208,0.602062,-0.023089,0.6566,0.51895,-0.03706,0.658187,0.465984,-0.047001,0.658233,0.418084,-0.054271,0.682814,0.622224,-0.031953,0.689056,0.559018,-0.044353,0.691112,0.517312,-0.050025,0.691455,0.476126,-0.054039,B
0.619284,0.794844,0.0,0.569029,0.768258,-0.019265,0.536424,0.711213,-0.030497,0.528548,0.654399,-0.041088,0.546658,0.616418,-0.051274,0.571332,0.610372,-0.013297,0.566687,0.530905,-0.030698,0.564473,0.482622,-0.046177,0.56456,0.439802,-0.057963,0.600966,0.60131,-0.016847,0.596149,0.512941,-0.031729,0.592578,0.456999,-0.046195,0.589583,0.406273,-0.057216,0.629754,0.608046,-0.023592,0.62898,0.523898,-0.038199,0.629127,0.47105,-0.049435,0.628078,0.423559,-0.057801,0.658862,0.62797,-0.032498,0.662553,0.56488,-0.045495,0.662767,0.522316,-0.052265,0.661665,0.480409,-0.057338,B
0.604407,0.793591,0.0,0.555291,0.769943,-0.019718,0.522176,0.715399,-0.031437,0.511251,0.661496,-0.042436,0.526622,0.620956,-0.053142,0.555555,0.613672,-0.014765,0.549002,0.535104,-0.033024,0.545288,0.487208,-0.048801,0.544156,0.444951,-0.060701,0.584868,0.603732,-0.018286,0.578044,0.516571,-0.034304,0.573229,0.461124,-0.049346,0.569078,0.410656,-0.060639,0.613661,0.609621,-0.025027,0.610999,0.526482,-0.040776,0.609605,0.473753,-0.05264,0.607115,0.426098,-0.061256,0.642911,0.628647,-0.033881,0.644953,0.565646,-0.048135,0.643903,0.522596,-0.055741,0.641725,0.479908,-0.061227,B
0.587693,0.798116,0.0,0.536413,0.776495,-0.019147,0.502287,0.722601,-0.03011,0.491703,0.668463,-0.04034,0.502137,0.625107,-0.050458,0.533337,0.622348,-0.014869,0.525106,0.543336,-0.032381,0.520551,0.495334,-0.047405,0.518482,0.452497,-0.058694,0.562658,0.610538,-0.018515,0.553935,0.522318,-0.033752,0.547605,0.466382,-0.048518,0.542436,0.415606,-0.059738,0.591682,0.6151,-0.025184,0.587388,0.531114,-0.040379,0.584315,0.478248,-0.052206,0.580618,0.430165,-0.060936,0.621415,0.632471,-0.033817,0.622061,0.569281,-0.047572,0.620391,0.52639,-0.054684,0.617875,0.48396,-0.059887,B
0.563073,0.810704,0.0,0.511063,0.790413,-0.014308,0.476152,0.735664,-0.021648,0.467408,0.682599,-0.029046,0.478322,0.643734,-0.036705,0.504102,0.633884,-0.01043,0.493667,0.555289,-0.025625,0.487491,0.507552,-0.039214,0.483313,0.465411,-0.049779,0.532599,0.621451,-0.015915,0.52153,0.533259,-0.029672,0.513416,0.476993,-0.044029,0.506501,0.426507,-0.055059,0.561617,0.625022,-0.023951,0.55513,0.540659,-0.038064,0.550909,0.487746,-0.050356,0.546151,0.440491,-0.059543,0.591618,0.641403,-0.033532,0.590597,0.577742,-0.046778,0.587361,0.534503,-0.054307,0.58333,0.492254,-0.059955,B
0.541381,0.823339,0.0,0.489281,0.805056,-0.014214,0.453702,0.752463,-0.021975,0.443048,0.701983,-0.029905,0.452163,0.661615,-0.038055,0.478778,0.649885,-0.010599,0.466172,0.572416,-0.026383,0.459081,0.525457,-0.040296,0.454513,0.48384,-0.050897,0.506134,0.635891,-0.016121,0.492626,0.547908,-0.030153,0.483125,0.492077,-0.044491,0.475362,0.4423,-0.055455,0.534697,0.637883,-0.024232,0.525915,0.553743,-0.03832,0.520203,0.501581,-0.050491,0.51415,0.45533,-0.059539,0.564914,0.652696,-0.033915,0.562358,0.588806,-0.046818,0.557736,0.546205,-0.054166,0.552138,0.505156,-0.059674,B
0.533666,0.826948,0.0,0.481189,0.810513,-0.014246,0.446148,0.758051,-0.022041,0.43573,0.706204,-0.030082,0.444032,0.665792,-0.038287,0.469632,0.652885,-0.009289,0.456912,0.575831,-0.024454,0.448668,0.529399,-0.038186,0.442683,0.488081,-0.048842,0.49638,0.638968,-0.015015,0.482036,0.551789,-0.028719,0.471371,0.496127,-0.043135,0.462491,0.446833,-0.05417,0.52443,0.641287,-0.023396,0.515292,0.556496,-0.037438,0.50923,0.503903,-0.049696,0.502871,0.457305,-0.058848,0.554198,0.656301,-0.033399,0.551416,0.592297,-0.046464,0.547171,0.54954,-0.053943,0.542248,0.508148,-0.059526,B
0.584874,0.826161,0.0,0.535829,0.797608,-0.016626,0.507309,0.740469,-0.026515,0.501356,0.687161,-0.036287,0.512235,0.64747,-0.046118,0.540278,0.641571,-0.011547,0.536521,0.563556,-0.028463,0.534141,0.516353,-0.043535,0.533529,0.474204,-0.054937,0.569963,0.632958,-0.016582,0.565871,0.545754,-0.031273,0.561931,0.490993,-0.046074,0.558229,0.441501,-0.057283,0.5988,0.640382,-0.024506,0.598804,0.556176,-0.039195,0.598361,0.503688,-0.050596,0.596285,0.456279,-0.059076,0.627707,0.661081,-0.034275,0.631904,0.598063,-0.047495,0.632515,0.554977,-0.053952,0.631648,0.512768,-0.058673,B
0.6227,0.820957,0.0,0.574827,0.792974,-0.017608,0.544737,0.735304,-0.028787,0.537317,0.680389,-0.039715,0.555474,0.644539,-0.050426,0.583171,0.636851,-0.013152,0.582333,0.55894,-0.030782,0.582414,0.511595,-0.046244,0.584497,0.469741,-0.057992,0.612517,0.630245,-0.017865,0.6119,0.542998,-0.03325,0.610964,0.487802,-0.047518,0.610102,0.438385,-0.05826,0.640967,0.639391,-0.025614,0.644558,0.55459,-0.040794,0.647038,0.502025,-0.051931,0.647785,0.454452,-0.060128,0.6695,0.661917,-0.035321,0.67676,0.59944,-0.049175,0.679176,0.557191,-0.056196,0.67986,0.515379,-0.061267,B
0.642783,0.826668,0.0,0.593902,0.795245,-0.015567,0.565497,0.735414,-0.025248,0.559266,0.680746,-0.034979,0.578059,0.647716,-0.044703,0.606471,0.639286,-0.010815,0.607657,0.561172,-0.027963,0.609664,0.513736,-0.04332,0.613496,0.472004,-0.05486,0.636674,0.634383,-0.015915,0.638631,0.546603,-0.030266,0.639605,0.491439,-0.044085,0.640146,0.4422,-0.054567,0.665399,0.644856,-0.023912,0.671123,0.560819,-0.037992,0.675076,0.508405,-0.048786,0.676794,0.461461,-0.056842,0.693549,0.668464,-0.033735,0.703162,0.605778,-0.046666,0.706843,0.564072,-0.053197,0.708451,0.523141,-0.057968,B
0.679956,0.824111,0.0,0.634733,0.791202,-0.017257,0.609842,0.728863,-0.027118,0.607955,0.672186,-0.036629,0.62887,0.649785,-0.046033,0.652285,0.636551,-0.010861,0.655748,0.560821,-0.026764,0.658816,0.514712,-0.041536,0.663694,0.474992,-0.052919,0.681986,0.633537,-0.0147,0.686758,0.548964,-0.028082,0.689458,0.495549,-0.041427,0.691719,0.448512,-0.051607,0.709327,0.645355,-0.02154,0.718014,0.564505,-0.034612,0.723419,0.51446,-0.045261,0.726541,0.47075,-0.053216,0.735579,0.670041,-0.030441,0.746906,0.609957,-0.042088,0.751519,0.569347,-0.048445,0.754265,0.530173,-0.053261,B
0.682904,0.820098,0.0,0.637811,0.785288,-0.016944,0.612843,0.722861,-0.027038,0.610549,0.667286,-0.036901,0.632545,0.639926,-0.046603,0.656153,0.632259,-0.010837,0.660116,0.556265,-0.027214,0.663659,0.510077,-0.042234,0.668889,0.470203,-0.05369,0.686063,0.629832,-0.015042,0.692125,0.545131,-0.028734,0.695814,0.491919,-0.042352,0.698742,0.4448,-0.052778,0.713716,0.64214,-0.022282,0.723652,0.561195,-0.035594,0.730211,0.51085,-0.046376,0.734141,0.466196,-0.054532,0.740266,0.667448,-0.03153,0.752979,0.607604,-0.043434,0.75837,0.567059,-0.049875,0.761495,0.527685,-0.054787,B
0.676595,0.821081,0.0,0.631044,0.787729,-0.017693,0.60402,0.724631,-0.027604,0.601342,0.667871,-0.036892,0.622635,0.637188,-0.045936,0.646944,0.635915,-0.013359,0.650634,0.558619,-0.029726,0.653656,0.511988,-0.044023,0.658266,0.471602,-0.054933,0.677085,0.632354,-0.017014,0.682314,0.546253,-0.030761,0.685306,0.492359,-0.043689,0.687913,0.444576,-0.053559,0.704969,0.644117,-0.023641,0.713219,0.562384,-0.037165,0.718726,0.511945,-0.04753,0.722309,0.466909,-0.055356,0.731878,0.668478,-0.032246,0.742037,0.60851,-0.044656,0.746181,0.56753,-0.051185,0.748977,0.527415,-0.056103,B
0.648933,0.814097,0.0,0.602652,0.784132,-0.018686,0.57464,0.724065,-0.029629,0.570114,0.666807,-0.040001,0.592247,0.635954,-0.05013,0.61658,0.631333,-0.01395,0.616809,0.554065,-0.031491,0.617829,0.506645,-0.04677,0.621436,0.465546,-0.058332,0.646201,0.626256,-0.017506,0.647721,0.54066,-0.032261,0.64897,0.486306,-0.045861,0.65047,0.437898,-0.056129,0.673934,0.636838,-0.024168,0.679834,0.555169,-0.03865,0.684495,0.504964,-0.049266,0.68737,0.459762,-0.057087,0.700871,0.660539,-0.032956,0.710116,0.600641,-0.046076,0.713786,0.559819,-0.052934,0.715951,0.519464,-0.057964,B
